review,sentiment_polarity,sentiment_label
I read the reviews saying their ear hurts and i does not believe that but now after using it i got to know it actually hurts. And bluetooth range is very short. All other things are good.READ MORE,-0.7351,negative
"Very good product, sound quality is also good. while using headphone üéß my ear hurts so bad, I have to remove them in an hourüòî koi sense hai iss baat kiREAD MORE",-0.2971,negative
Really amazing but pain on earsREAD MORE,-0.5105,negative
"Sound quality bad, too much noise.READ MORE",-0.5423,negative
very uncomfortable to wear it even for 2-3 hour . I will not recommend it to buy.READ MORE,-0.6128,negative
"its didn't have good bass and also connectivity problem on road when you are on moving with vehicle., another one is not clear sound when you recieve call through listener can't hear your clear voice so its not fully usable for call . moc have no effect.READ MORE",-0.8649,negative
All is goodBut ear cups are smallWith that u got pain Red coloured headset gives u more pain to earsBut blue headset has good comfort for some timeREAD MORE,-0.296,negative
Overall it is good. But while I call on whatsapp or any other calling apps my voice is not clear for others .READ MORE,-0.2086,negative
Sounds quality not good enoughREAD MORE,-0.3412,negative
Stopped working after few days. I am still trying to contact them for exchange/return...excuse i am being given is that the return window is closed.READ MORE,-0.2263,negative
Awesome product but low sound has been irritatingREAD MORE,-0.0258,negative
Don't buy this product. It imposes excess pressure on the ears. Difficult to wear even for 30 minutes.READ MORE,-0.6249,negative
"Value for money $$But mic is not so good, otherwise overall product is very goodREAD MORE",-0.1602,negative
This Bluetooth headset connectivity is Very Poor ...after 7 days my headset not working....üòîüòîREAD MORE,-0.5256,negative
Sound quality is not clear and bass is very low and ear cups quality not goodREAD MORE,-0.554,negative
Honest review..... Sound is good üòõBase is awesomeüëè‚úäüëç maza a jayega.. But mic doesn't work properly too weak üòîREAD MORE,-0.1901,negative
i am writing review after a 15 days use. sound quality and battery backup is quite good though comfort is zero.it is too tight and cushions are also not that soft. it can make your ears paining after continuous use 30 to 45 minutes. second thing that i dislike about it is volume while calling it is too low and mic is also doesn't produce enough voice that can be audible to person who is on other end. maybe this is just  my headphone's fault.but in this price segment i don't think we can expec...READ MORE,-0.1137,negative
After 1 month left side speaker stopped working. Cushions are little bit hard. Except this everything is fine.READ MORE,-0.2551,negative
Very tight high ear pain while using  Bluetooth only getting 5 metresREAD MORE,-0.5106,negative
Everything is fine but the Bluetooth connectivity has gone worse after some weeks of usage. You have to keep your mobile phone close to you for seamless experience.READ MORE,-0.5789,negative
Product worked amazingly well but just after 3 months its stopped working in one sideREAD MORE,-0.1664,negative
built quality not good it feels pain after listening some timeREAD MORE,-0.6914,negative
wrost product quality is very bad and can't Udjest in ear. ear buds are very small....  and un uncomfortable... don't buy waste of money...READ MORE,-0.353,negative
not connecting to Bluetooth waste of moneyREAD MORE,-0.4215,negative
"Nice headphone. Due to there small in size, they starts  to pain in the ear after listening for around 1 to 2 hrs. Overall a decent productREAD MORE",-0.128,negative
It's a damaged peiceREAD MORE,-0.4404,negative
"Every thing is ok , but mic has problem. Caller can't hear ur voice clearly..READ MORE",-0.4497,negative
"Primarily, i thank Flipkart for fast delivery. I think this is the only fastest means of delivery during covid. Coming to the product - it is quite good with the appearance and fantastic with the sound. But i prefer NOT TO TAKE THIS PRODUCT because while using it will create a discomfort and u will feel a little irritating and u cant use for longer than 30min . Very tight and uncomfortableREAD MORE",-0.119,negative
Very bad productREAD MORE,-0.5849,negative
‚ò∫Good for music but not good for calls..‚ò∫READ MORE,-0.4782,negative
"My ear was paining it is not comfortable and smooth Build quality is worst, sounds and bass was awesomeREAD MORE",-0.8591,negative
"The headphone is good when used with cable but when used in Bluetooth mode, there is a background noise. And it hurts in the outer ear if worn for more than one hour.READ MORE",-0.7184,negative
The product is very good but after use long time you will start to suffer earsREAD MORE,-0.5652,negative
"its very good head phone. but only one problem. if you attend a voice call, the voice is not clear to other person. rest for music its very goodREAD MORE",-0.6404,negative
"There is a big demerit of this headphone, that is when you connect your mobile phone and  open ZOOM MEETING application, the zoom app does not work properly.I mean , this headphone is not good to attend ZOOM meatings.READ MORE",-0.3412,negative
Stop working. Connection ProblemREAD MORE,-0.296,negative
It will not fit into your ears.. You will end up with ear pain.READ MORE,-0.2755,negative
"For simple listening of music is fine but doesn't work on video calling like on Google meet etc. And mic is also not up to the mark.After replacing with the service centre, they gave worst than earlier oneREAD MORE",-0.4588,negative
Not so great sound as I expected . But it's fine for the price. So tight for my ears and could not feel comfortable for longer useREAD MORE,-0.5586,negative
I loved the sound quality especially the bass. But only problem I felt is it is not comfortable to wear it for long time. Also the bluetooth range is lowREAD MORE,-0.6861,negative
Mic is not good and getting ear pain because of tight pressure.But sound quality is good.READ MORE,-0.6914,negative
i have to cut 1 star ‚≠êÔ∏è because of build quality it press both ear very tight if you wear this for 1-2 hour then your ear üëÇ painREAD MORE,-0.2732,negative
It's very weak from outside of the bodyREAD MORE,-0.4927,negative
"So there are many reviews which tells you all the Pros of this product.. beleive me..its a ""worth for money product"" but.. there's a but..!!‚óÄÔ∏èIt's awefully painful to wear them for even 10 minutes‚ñ∂Ô∏èI am writing this review in frustration.. that I can't enjoy or use it to my fulfillment... I have to remove them to ease my Ears...üî∏ The arch which is made of plastic, seems can break off easily if stretched too much  or the leather padding which stuck on that would peel off  (so no stretching...READ MORE",-0.5442,negative
Very bad designREAD MORE,-0.5849,negative
"Sound quality is nice, but the earpads directly sit on ears and cause pain after sometime. an around the ear design which doesn't put pressure on ears would have been better.READ MORE",-0.3,negative
"Very good earpiece. The sound is great.You can use continuously for an hour, then you may start feeling some pain on ears due to pressure. Else the sound and battery back up is great.READ MORE",-0.204,negative
"Not a good product.  Start showing problems after one  month of purchase.  Only Start when connected with charging. Without charging connection, headset doesn't workREAD MORE",-0.6256,negative
Pros :-Voice quality is goodBass and sound surround is goodCons :-Bluetooth connectivity is poor.Bluetooth range is lessIndications for low battery is not very clear.READ MORE,-0.2732,negative
"I am reviewing this product after 2 months of usage. The bass is very good, build quality was good. But it causes little pain during your initial days of wearing it.Cons - There is difference between quality of audio when heared using Bluetooth and when using wired.READ MORE",-0.2065,negative
"Perfect for music but not good for a call, mic not powerful enoughREAD MORE",-0.5799,negative
Worst quality and one side isn't workingREAD MORE,-0.6249,negative
Microphone quality is very poor.  The person at the other end has a hard time listening and one literally has to shout to make himself/herself audible. Sound quality however is very good.READ MORE,-0.5849,negative
Not a good product.READ MORE,-0.3412,negative
"Good but not for more than 30 minutes continuously., It starting pain in ears.READ MORE",-0.5423,negative
"Bluetooth connectivity is very bad. Even if I move within 4 metre distance from mobile voice or sound going to break. Although, cushion is soft however still it put a lot of pressure on ears.READ MORE",-0.7178,negative
1.Excellent for online games like PUBG( no sound lag and latency problem found at  all after playing for 6 months)2. Sound Quality is heavenly...3. Only problem is its way more tight for big heads like mine...the band got broke after 8 months of purchase due to its tight fitting in my head...but thanks to boat they replaced my product as per warranty...though the new one is more tightüò´READ MORE,-0.4767,negative
"Sound is good, but it hurts too much while wearingREAD MORE",-0.4939,negative
Low quality productREAD MORE,-0.2732,negative
Ok ok  bild quility bad sound okokREAD MORE,-0.0258,negative
Will not recommend this product to anyone. Sound quality and connectivity is patheticREAD MORE,-0.2755,negative
The voice of teacher stopped coming suddenly during online class.READ MORE,-0.2263,negative
"Only for 45min use after that star pain in your  ear,Bluetooth connectivity is some times a beep sound is continuously hear in ear , sound is goodREAD MORE",-0.5106,negative
Every time we have to pair in same device . Not a good product...READ MORE,-0.3412,negative
Not good for calling microphone is badREAD MORE,-0.3412,negative
"Build quality of wire is poor. After using this headset for 1 month, external wire is internally broked from one side of 3.5 mm jack now i can use this headphone only by bluetooth not through wire. Otherwise headset is good.READ MORE",-0.4767,negative
"Less comfort, material is so hard and get too hard to use because of the hard earpadREAD MORE",-0.3382,negative
"Sound quality is good but mic is not working properly, not suitable for office meeting. Sorry but very bad product.READ MORE",-0.6897,negative
dissipointed !!!!    (not comfortable)                                                                 Very bad for ears ...hardly 10 to 15mins u can listen music and then .....hhhhh ..pain start ...it also very tight... cushion not good ..(bakwass)                                  sound is quite good ..bass nice ..treble absent...mid is just ok type ...                                                                         build quality good ..specially plastic they used .....           con...READ MORE,-0.7855,negative
Bluetooth range not good only 3 metre range of workingWhile company say about 10 metresREAD MORE,-0.3412,negative
After a year use review..Sound is top class but the mike audio is somehow not that clear ... reliable product but under 1100READ MORE,-0.3348,negative
Super bass and balancing sound but build quality  and connectivity are not good as I expectedREAD MORE,-0.1677,negative
It hurts in your ear if you use it for more than 1 hour continuouslyREAD MORE,-0.4767,negative
i gifted to my Big B. in bhai dhooj festival & he like it very much...quality of sound is too good but major disadvantage is u cnt wear this headphone more than 10 mints...its starts paining in ur head as well as ur ears. very tight...READ MORE,-0.2023,negative
Cushion on neck and ears are supersoft but little bit tight on ear .. Not easy to use for long time... Pairing is easy ... Thanks flipkart for faster deliveryREAD MORE,-0.3331,negative
I gave 4 star because when we wear the headphones and run on track after 10 mins the sweat comes out I will uncomfortable with headphonesREAD MORE,-0.3818,negative
sometimes it takes too much time to connect and even build quality is not that good can't get enough of it though good product in matter of bass and game sounds...READ MORE,-0.5736,negative
Don't buy if u want this for pubg gaming.READ MORE,-0.0572,negative
After using 1 year..... It's getting difficult to pair any devices.READ MORE,-0.3612,negative
Quality not good. With in 2 months battery problem started. It is not getting chargedREAD MORE,-0.6256,negative
Bad product. Scam by flipcart and I want refundREAD MORE,-0.7845,negative
Works good but when using YouTube it makes some itchy loud noises suddenly... My eardrum got displaced because of this headphoneREAD MORE,-0.1779,negative
"disappointed with built quality,, so weak that I'm afraid of using..READ MORE",-0.7809,negative
Bass is not good ... Mrjatt@official.Build quality is also average .Real review you do not buy this...READ MORE,-0.3412,negative
It just a waste product after one week it doesn't work well.Its sound is not clear and not comfortable.READ MORE,-0.6103,negative
"honestly i got these headphones on big billian sale for 1000 rupees.. for that price point, it being a headset is just overkill.. it comes with both wired and bluetooth so battery backup is not a big deal.. BUT the battery backup is very nice.. very deep bass and nice sound overall.. i mean it will be worth ur money if u get it for 1700 or so.. only BAD thing is that as bluetooth version is lower (v2.1 i suppose)  the sound starts chopping if headsets are blocked by ur palm or if u decide t...READ MORE",-0.6428,negative
Bass is great üëç but it's very tight getting ear pain after using sometimesREAD MORE,-0.4404,negative
It was getting struck while hearing a music.READ MORE,-0.25,negative
"On the ear. So, not comfortable for long use.READ MORE",-0.4553,negative
The sound of the headphones is really nice especailly the base but the mic of this headphones doesn't work at all and also the ear cups are too uncomfortable and tight that you can't wear them more then 15 mins as it starts paining in your ears. the Flipkart also will not solve your problem and you have to suffer a lot to exchange this product. Flipkart also don't provide you return of money in this product so for me it is a very bad experience of buying these headphones from Flipkart. I will...READ MORE,-0.9417,negative
Every thing is good but it is to irritating to keep it in earREAD MORE,-0.4678,negative
This headphone is good but not comfortable and it's price rate is high and also the body of this headphone is very weak........üòäüòäREAD MORE,-0.3824,negative
"When you put for sometime, ears are paining too muchREAD MORE",-0.4019,negative
Awesome bluetooth full of base I'm using till 10 months no damages no repairs all well...value of money but one of the problem I saw that it's paining ears long time hearing music (2 hours continuously) overall it's good...thank u boAt...READ MORE,-0.8271,negative
A must buy product. Just not sure about mic thoughREAD MORE,-0.2411,negative
The comphertness of headphone is bad after 1hr pain in ear and head other is very good performance üëçREAD MORE,-0.5584,negative
Don't buy this headphone. I agree that its bass and sound quality is very good but it's body and build quality is very poor I break from left side and I am writing this review just after 2 week from buying it it is a very poor headphone and I used it very carefully but it's band breaked. Thus you can see in the image üòìREAD MORE,-0.7305,negative
Not suitable for long time. Head phone ear-cup design too poor not fitting properly. Also material are of poor quality. If used more that 0=30  minutes  ears start paining. Not atoll suitable for kids for the online classes.Also they refusing to take back or replacement.READ MORE,-0.891,negative
No words to say its totally amazing...READ MORE,-0.296,negative
Most affordable productBut tight ear cups is pain in ear.READ MORE,-0.5106,negative
Worst product ever I suggest to don't buy itREAD MORE,-0.6249,negative
Headphone is too tight and not comfortable .You can not use it for long period And not good for ears.READ MORE,-0.6259,negative
Worth its price just one problem build quality need to be more higherREAD MORE,-0.2023,negative
"Worst product I have ever received, problem with Bluetooth connectivity and the sound quality is very badREAD MORE",-0.7783,negative
"It's mic is not helpful. In every call I have to disconnect headphone, coz caller heard very low voice, they feel I'm talking from long distance.READ MORE",-0.5754,negative
It is too tight and paining with in 20min of usage. Compatability with mobile phones is not that good. I tried with Zenfone Pro M1 and Honor View 10 mobiles. volume up and down buttons not working as expected. Those buttons are always changing songs. Call clarity is actually worst. I tried in almost 10 different devices. Voice always get disconnected. Only good point I see is audio quality and bass is good while listening songs.READ MORE,-0.7974,negative
"I can't believe this is boat product, Build quality is worst. Below Average Product.READ MORE",-0.6249,negative
So tight that gives pain on ear but other things is goodREAD MORE,-0.2846,negative
Worst product ever I usedREAD MORE,-0.6249,negative
Bass is awesomesounds quility awesomeBattery performance also awesomebut build quility is not good because when use this head phones continuously half hour it feel so pan in ear...READ MORE,-0.3412,negative
Sound quality is excellent but very painful design.READ MORE,-0.4478,negative
A total waste of money! Go for 450!READ MORE,-0.5242,negative
Worst sound in this priceREAD MORE,-0.6249,negative
best quality as expected...but have a problem than after using for some time it starts pain in ear...not expectedREAD MORE,-0.2023,negative
Mic very bad... Poor Colling voiceREAD MORE,-0.5233,negative
Worst productREAD MORE,-0.6249,negative
don't buy it. it's worst build qualityREAD MORE,-0.6249,negative
"In this price range, you can't expect anything better than this. You'll feel every high and low. If you are interested in buying these headphones, go for boat rockerz 450 instead.READ MORE",-0.2037,negative
I am using this headphone for 10 days.My review in a nutshell:Pros: Superb bass and sterdy built quality.Cons: Range is not good at all. Also not a very comfortable to use headphone. Your ears will start sweating after few minutes! Can't use this while jogging or gym since it is not a waterproof or sweat proof headphone.But overall in this price range u can't expect a lot.READ MORE,-0.1323,negative
To much pain in ear dont buy this boat 400READ MORE,-0.5106,negative
Headband broke in 1 yearREAD MORE,-0.4215,negative
"After using for a month, it is found that ear cup are small so on long use it hurts.. secondly in my case right side was loose after some days, resulting not getting the grip..Good point is sound quality (not vocal) and price..and ofcourse indian companyREAD MORE",-0.3182,negative
Nice headphones but having low bassREAD MORE,-0.1901,negative
No Bass.... Very Bad...üò†üò†üò†READ MORE,-0.296,negative
"First two months it was working good,after that one side of the headphone stopped workingREAD MORE",-0.2263,negative
"while in call you will a get distubance sound, when you try to listen songs by connecting AUX cable you won't get better quality and battery backup is goodREAD MORE",-0.3412,negative
Not good for callingREAD MORE,-0.3412,negative
Sound is great.. Bass is low... Bt earcups r pain. Too hard..READ MORE,-0.5106,negative
"Base is very good,built quality is amazing,sound is loud,but not very clear song this is only concern that sound is not clear,I bought this for 999READ MORE",-0.3401,negative
"Battery backup is okay, generally gives about 3-4 hrs of usage on full charge. When the battery is about to die, the number of times it notifies gets irritating, so you won't be able to listen to anything except the notification of the battery being low.The microphone performance is really bad, it seems like you are talking from a distance.The ear pads are small, it is comfortable for a use of 30 mins but if you want to use it for hours it is not good, it will start hurting you.The so...READ MORE",-0.8203,negative
"Not comfortable, creates headache, in just 1-2 hourREAD MORE",-0.5448,negative
good sound quality via bluetooth.but bad quality via aux cable.READ MORE,-0.1531,negative
Not comfortable to wear in the initial days......nd no return policy.....Sound quality is good....READ MORE,-0.5996,negative
I'm writing the review after around 2 or more months of use.... Bluetooth is not that good... You'll unable to hear sound if wind is fast coz of not so good bluetooth..And baki sab badiya lagaREAD MORE,-0.464,negative
Build quality is poor because my headset is broken 5 months after    and sound is too goodREAD MORE,-0.7351,negative
"Not comfortable , while using more tha 20minute cause pain in in ears,Too much tight grip over ears else built is bestREAD MORE",-0.7186,negative
Very bad product from boAt. Very poor sound quality and even u cannot answer the call due the distarbance in sound.I have asked for return but that peace is also damaged. According to me this model of boAt is not worth buying go for other model or other brand.READ MORE,-0.5707,negative
The headphone was working fine till 1 month but after that the aux cable stopped working and I was not able to use it wired. I suggest you to buy headphones of a reputed brand rather than boatREAD MORE,-0.2382,negative
Very bad fittingREAD MORE,-0.5849,negative
Good sound but extremely poor build quality...Broke after using for 5 monthsREAD MORE,-0.5632,negative
"OMG!!!! Don‚Äôt buy it.. the seller gave a crushed and used product.... very disappointing..Bluetooth doesn‚Äôt work... and if it works (Bluetooth) ,the device switches off on its own... batter pack useless.READ MORE",-0.6083,negative
average product and average volume not good not badREAD MORE,-0.3412,negative
All is well but.verry bad productBecouse only 30 day has been distroyREAD MORE,-0.34,negative
Good but not so much comfortable and battery life is not goodREAD MORE,-0.4427,negative
All ok but they propossed noice cancellation but there is no noice cancellation option or anything elseREAD MORE,-0.296,negative
Product is good in terms of sound quality but feel hear pain wearing long time.READ MORE,-0.5423,negative
Good but after some days (when return policy over) you realise this not good one because day by day it loose my hopes not that good much thanks.READ MORE,-0.5451,negative
These headphones are really awesome but the only disadvantages if you use this too much our ears will get hurtREAD MORE,-0.2152,negative
"I like This Product Sounds Quality and Bass Are Good , But The Issue Is It pains So Much, I have to remove this time to time to rest my ears.READ MORE",-0.25,negative
"Product is good at 1000rs but feel very hard on ear ,I feel pain in my ears after using 30min onlyREAD MORE",-0.6746,negative
Please don't buy this product once you wear it you can't handle the pressure exerted by headphones. Your ears will beg you to put it off. It's a curse for ears.READ MORE,-0.0803,negative
worst product because torn in 14days of useREAD MORE,-0.7269,negative
Sounds quality is good but it irritating and pain ear after 1 hour useREAD MORE,-0.8176,negative
A bit uncomfortable on ears baki to mast haiREAD MORE,-0.3818,negative
Worst productREAD MORE,-0.6249,negative
Connective is not good . It automatically disconnected every 4-5min and then automatically connect.READ MORE,-0.3412,negative
"overall a great performer but doesn't excel in any particular department. For the price it is being offered at, it is a good deal. The cups are tight and the leather band beneath the headband has weak glue. The wireless functionality is basically useless if you are buying these for music because bluetooth has smaller bandwidth and doesn't allow high bitrate, hence poor quality, therefore, use the aux cable provided for music. the pair costs this much for its features not just sound. if you wa...READ MORE",-0.889,negative
Product is excellent. But the package of the product is not up to the mark. Packaging is very loose not even the sticker is properly attached.READ MORE,-0.2592,negative
"Sound quality is good bt head band quality is so poor, after 1 month head band getting loose.READ MORE",-0.2712,negative
"Design,  bass,  sound all are good but after few minutes use your ear pain start. It's not cover complete ear.READ MORE",-0.5423,negative
"It isnt comfortable for hearing long time. I had ear pain when i am using it for more than 45 minutes, so i bought normal ear phones again.READ MORE",-0.7186,negative
no noise cancellation. bad for calls .otherwise a gud choiceREAD MORE,-0.6908,negative
"This product have excellent quality in sound, bass....... I used this headset near about 2year upto now, but i have no complaint about this product..... ThankBoat for this product...READ MORE",-0.5023,negative
Sound quality is good for the price. Becomes really uncomfortable after an hour of use. Ears start paining due to pressure. Ears become warm very often.READ MORE,-0.4576,negative
"it's a very decent product.Till now I've faced no issue with this.The eye catching feature I found is its two way of connecting with the device.It can be connected through bluetooth as well as with the aux cable as provided inside the box.So,when the headphone gets out of charge,it remains usable with that aux cable with proper functioning.READ MORE",-0.0258,negative
Microphone is not good. The peer wont be able to hear you.READ MORE,-0.3412,negative
"Battery working good,Bass also ok,But Built Quality is Not good, Becoz Its Coming with Plastic Frame,( My recommendations is take steel metal frame headset)My Headset was broken after using 8MonthsREAD MORE",-0.6711,negative
Not worth buyingREAD MORE,-0.1695,negative
Its head belt broken four timesREAD MORE,-0.4767,negative
"Sound goes outside of the headset, cannot speak as there is no micREAD MORE",-0.296,negative
U know electronic issues otherwise good sound quality but bass is low for meREAD MORE,-0.1779,negative
Very bad experience. Bluetooth is not working after a month. Thought boat would maintain their quality.READ MORE,-0.5849,negative
this is an awesome product at this price. i bought it on january and its may by now and its an still in condition eith no faults. if u r a bgm lover go for this one. but if u r a gamer i wont support it. thnx flipkartüíìREAD MORE,-0.1499,negative
"""When music hits you, It doesn't hurt but this headphone does.""Quality, design and bass are lovable so its gonna last long but as it is made of metal so its a little tight from the both ends and thats gonna hurts your ears. Unfortunately in Red & black mic doesn't work i think.""If you don't mind that it hurts then this product is just for you."".06Feb2018Boat service is 5/5...READ MORE",-0.6139,negative
Led indicators not workingNot comfortable for long time useAfter 15-20min of used ear is little bit painBcoz of tight fighting...READ MORE,-0.4023,negative
"Don't go to buy this product after a month of used, it's design became down, basically head band lower layer fully damaged just after few month of usedREAD MORE",-0.659,negative
Not comfortable on earREAD MORE,-0.4023,negative
Worst mic everrrrrrr!Don't buy it!I have used it for almost 1 month and faced mic problem!READ MORE,-0.7163,negative
I review After 1 mounth use and my experiense is superb Base and sound Quality is mind blowing but mid tones in movies in low volume is not goodREAD MORE,-0.0258,negative
Pain in ear after usingREAD MORE,-0.5106,negative
I liked the sound quality but it doesn't sit well on my ear..that's little bit disturbing but the product is goodREAD MORE,-0.6546,negative
So good i like itIt is not best for free fireREAD MORE,-0.0255,negative
all rounder .... works well ...in all fields .... not best but goodREAD MORE,-0.1615,negative
The ears feel a little sore after using it a long time...everything else is fine..READ MORE,-0.2975,negative
Very bad product üò†üò° this is not usefulREAD MORE,-0.5849,negative
Onr side stopped workingREAD MORE,-0.2263,negative
Very bad product bluetooth doesn't works after 2 months it was not charging and the buttons were not workingREAD MORE,-0.5849,negative
"Worst quality third class headset, not even a month it withstood it broke. Waste of money.READ MORE",-0.8658,negative
Ear pain is assured within 15 mins of used but the sound quality is extra ordinary but I don't recommend this as comfortablity has most priorityREAD MORE,-0.4705,negative
the build quality is worst. broke within a week.READ MORE,-0.7845,negative
An Awesome Product...Must Buy it...Beast at this Price Point...Feels a bit tight at ears but you'll get used to it after sometime...not a major problem to worry about... awesome sound and insane bass... Highly recommendREAD MORE,-0.4118,negative
Its just been a month and I started hearing complains from people from other side of the phone or meeting that I am not audible.The microphone is not reliableREAD MORE,-0.3818,negative
"Headset is good, but little disappointed on comfort.READ MORE",-0.4138,negative
"Worst product, useless customercare. Works only couple of weeksREAD MORE",-0.7845,negative
"During call mic is not good. And if you disconnect from mobile, it is not getting switch off automatically.READ MORE",-0.3412,negative
"Bought it the second time because of good bass. But just after a month the audio jack socket got damaged by itself. It's not the first, but second time and the same problem. I don't suggest wasting money on this!READ MORE",-0.5934,negative
It hurts my ear but sound quality really nice.READ MORE,-0.2617,negative
It is too delicate... I widened it to wear and it broke from the top...READ MORE,-0.4215,negative
"Ok product. However, in 15 days of use, I must say the person on another call cannot hear our voice. I am not able to hear media from you tube. Not a good purchase.READ MORE",-0.0531,negative
Bluetooth connection lost when listen music And sound come out the from headphone.READ MORE,-0.3182,negative
"Build quality is not so good. Cause pain in ears after some use, even if the volume is Half. Can't be used for long hoursREAD MORE",-0.7644,negative
"-The product description page says it is Bluetooth v 4.1 but it is actually v 2.1 which means poor connectivity and range.-You have to adjust equalizer settings in your phone (if it allows) to get good sound else you will hear just bass and vocals and other sounds will be suppressed. Sound quality is good to listen to music.-Beware if you are buying it to make regular or VoIP calls, the sound keeps breaking with noise. Not ideal for calls and meetings.-Build quality could have been better,...READ MORE",-0.0294,negative
This headphones are not comfortable for long use or after 30min your ear will start painning too much I'm using from months this headphones are not goodREAD MORE,-0.4023,negative
Just fab!U will not get any better deal on this price range except boat rockerz 400üéßREAD MORE,-0.4015,negative
Very good product but little tighter causing small pain on earREAD MORE,-0.5193,negative
Satisfied with the product. Little bit heavy. Cause pain in ears if long useREAD MORE,-0.128,negative
"Overall sound quality good, mild ,relaxing after full volume also ,but painful fitting on the head after 1-2hrs of continue use ...may be it will become lose after some use....READ MORE",-0.6542,negative
main problem of this product don't have good Bluetooth connetivity during pubg playing and other game üò£READ MORE,-0.5116,negative
"Sound quality is good, but little bit pain after 20minREAD MORE",-0.4736,negative
1 star is cut for material usedREAD MORE,-0.2732,negative
It willl defect with in 1 monthsREAD MORE,-0.34,negative
Sound quality and design is great but this is not comfortable for wearingREAD MORE,-0.2507,negative
"Not covering ears, holding tight hence paining after sometimesREAD MORE",-0.4019,negative
"I have purchased this headset, when i got this one the build quality is very bad nd it is very bad head set i ever usedREAD MORE",-0.8218,negative
It gives you  pain when you wear its for more than 30 min .READ MORE,-0.5106,negative
"I am using this bluetooth headset from last month and I can say one thing This headphones üéß are not upto mark as its shows The sound quality of headphones are okay and the bass sound is also just okay types But one of the major drawback of this headphones are you can't wear this headphones continues more than 30 minutes , it started causing pain to your ears and moreover these headphones are also not comfortable to wear for a long timeThe design of headphones are okay but the quality usi...READ MORE",-0.6959,negative
Sounds quality is awesome but one thing microphone is not good when you talk to another person through headphones than not listen clear voice....READ MORE,-0.5163,negative
The sound quality and all is somewhat goodBut the design is literally very very bad it's just feel like something is squeezing your head.It feels very bad. Even if u use for 5-10min ur head start aching very bad.Buy this only when  u are suitable to use it.READ MORE,-0.8703,negative
Product is good but no adjustments for the head size. So after some time we will get pain.READ MORE,-0.2144,negative
The sound is delayed by a second when its connected to bluetooth. It works fine when the aux is connected.READ MORE,-0.0258,negative
"It's nice products but suddenly it's stop after 2 year I was found no service station of boat near by me, no other electronic store can repair this product only service stop of boat can repair it so I have to throw it in my dustbin... Sad experience with boatREAD MORE",-0.9253,negative
Good product with in 1000. but bass is not that much clear. overall product is goodREAD MORE,-0.2086,negative
Giving less stars reason being one side speaker has fault and no sound coming in less than one month of use. Now want to understand where to complaint for this.Flipkart please.help.Thanks.READ MORE,-0.5267,negative
"its design is very rigid and compact , using just an hour gave me ear acheREAD MORE",-0.2006,negative
People's can hurt but this will heal you .READ MORE,-0.296,negative
"One ear of the headphone stopped working after 1week, contacted boat Customer care, they asked to register a complaint, in the complaint registration section i tried to upload the purchase invoice thousand times, each time it shows failed to upload, so ideally i lost my money and suffering with a defective product, Thanks Boat and Flipkart, very good customer service, hats off.........READ MORE",-0.5055,negative
cable is not good its worstüëé. Bluetooth is good.READ MORE,-0.3412,negative
"Good Product, Very powerful BASS, Dual connectivity, But the only problem is that you cannot wear it for a long time continuously.READ MORE",-0.1415,negative
Worse qualityREAD MORE,-0.4767,negative
Microphone is not good.Otherwise it's a good product.READ MORE,-0.3412,negative
"It's start breaking in just one month , not worth for moneyREAD MORE",-0.1695,negative
"I am received this headset on 14/06/2019. I am utterly disappointed about this built quality. Why they are cheating customers by sending this type of items, I couldn't understand. Literally FLIPKART should ban this seller.READ MORE",-0.8908,negative
Bad this productREAD MORE,-0.5423,negative
Useless products hai yeREAD MORE,-0.4215,negative
"Having more pressure on the ears, due to compression of the ear cups.READ MORE",-0.3597,negative
I'm writing the review after around 2 or more months of use.... Bluetooth is not that good... You'll unable to hear sound if wind is fast coz of not so good bluetooth..And baki sab badiya lagaREAD MORE,-0.464,negative
It is tight on the ears and gets uncomfortable after some hours. Other than that the product is goodREAD MORE,-0.3818,negative
Good volume and bass... But not comfortable use for a long timeREAD MORE,-0.3824,negative
not as good as red mi earphones. moderate base. good sound.noice cancellation is working fine.READ MORE,-0.5875,negative
It is really good headphone.But it causes pain to ear after some time.otherwise everything is good.READ MORE,-0.0276,negative
"The headphones amazing and all,but I faxed problem  when the Bluetooth mode stopped working, and warranty claim is worst almost 1 month since it was taken back but still no updateREAD MORE",-0.6428,negative
"I shouldn't have given any ratings. But, for sound quality, I'm giving 1 star.Ears are starting to hurt after 10 minutes of usage. Poor build quality. And the most important problem is calling through Bluetooth. When, you will call through this headphone, the opposite person couldn't hear you properly after 5 mins. I have checked it so many times. It is the main issue. They are not giving me refund. I have replaced the product once but the problem not fixed. Very disappointed.READ MORE",-0.8704,negative
Range is too low and very hard and weight is too highREAD MORE,-0.4201,negative
worth for money. but this headphones is only for people having metal ears. paining after a long use . the cushion 1.soft arramgements should me more soft .2.Bluetooth range is not expected as much .3.not suitable for Bluetooth Calling.4.a small dot sound is audible when we use it low volume 5.whenever notification come to my phone dot sound is been produced . 6.better for using in aux cable.READ MORE,-0.6956,negative
Don't take this product its so damm hard ur ears will hurt soo badly only after 15 min Its just saying soft but its not And u will not get refund in this product alsoREAD MORE,-0.5558,negative
Auxiliary cable doesn't work good. But overall product is good. Sufficient charging and good sound quality. Good blutooth range.READ MORE,-0.4715,negative
"I bought the product looking at the brand, 'Boat'.But disappointed with its performance.Instead of spending too much money on advertising, it's better to focus on its quality and reduce the price to a reasonable extent.READ MORE",-0.0516,negative
"this item was not comfortable for various type of people.  I was buy the item 2 days before, I was used the item and feel the pain after  20 minsREAD MORE",-0.7186,negative
excellent product  no problem i am using last 6 monthsREAD MORE,-0.0516,negative
They produce continuous cracked beep sound when used on Bluetooth on low volume or when there is drops in the songs.Headphones are good but are little tight on ears and can become uncomfortable if used for long period of time. Build quality is not that much great. and the AUX cable and usb are of very low quality. I think the Aux cable had been changed bcoz it didn't have boAt branding.READ MORE,-0.8776,negative
It gives headache to me whenever used more than an hour because of tight and uncomfortable design...READ MORE,-0.3818,negative
I got bad productREAD MORE,-0.5423,negative
It make my ear warm and pain in earREAD MORE,-0.34,negative
wroustAutomatically on /off A killing sound of on you can hear The size is also smallREAD MORE,-0.6597,negative
It is very bad... it stopped working after 30 days... it throws lot of noise.. VERY BAD quality...READ MORE,-0.8138,negative
Bluetooth connection is poor. My ears started paining after putting this on the head due to pressureREAD MORE,-0.7003,negative
Broken in a monthREAD MORE,-0.4767,negative
"The sound quality and build are very good, but I feel very bad about it, you can't talk to it properly through the MIC on the call.READ MORE",-0.624,negative
Cons Ears hurt after putting it on for a min of 30 minsWorse experience ever.ProsAttractive colorGood baseLouder voiceREAD MORE,-0.5267,negative
Button problem after some time. And not to continue conect with phone.meximim disconnect from phoneREAD MORE,-0.4019,negative
Purchased in big billion days at 1099 only. Pros:- 1.Awesome sound quality and the base is too good.2.Best connectivity in bluetooth and no disturbance while running or lagging of sound is there. Personally very impressed. 3. Battery backup is also so great. I was listening song for 1.2hr and only 10% battery drained out. Charging could be better but still no problem as full charge in 2hr(0-100%)4. TOP class in looks. Attention seeker especially in this colour which I have purchased...READ MORE,-0.1238,negative
"Earlobes hurt even after 10-15 minutes of usage,Bass and loudness is good, but I think one should go after over-the-ear models for the better feel of music and noise cancellation, Battery backup and the dual usage mode is especially good about this device, even mic has no problems as suchBut I  highly doubt the build quality and suspect it won't last long,  definitely can't be packed in suitcases or carry bags lest it breaks, so only safe place is the neck.Overall it serves the purpose, b...READ MORE",-0.4605,negative
I bought boat rockerz 400 super extra bass. then I requested for a refund .but refund has not been made yet even after 20 days of pickup of my headphone.they have taken away my 1000 rupees.its horrible experience on Flipkart for first time.will never shop again on itREAD MORE,-0.5106,negative
It pains so much on ears with this headphones on ull get headache after 30 minsREAD MORE,-0.4215,negative
Nice but not much comfortable as i was apecttedREAD MORE,-0.3925,negative
It is good for listening songs. But don't buy it for zoom or online meetings. It has some irritating noise. I even didn't got replacement for it and return is not accepted.READ MORE,-0.4678,negative
Very bad for playing pubgREAD MORE,-0.4077,negative
"Horrible...do not purchase this Headset,it's not comfortable,My ear are too pain if I put for 5min also,Nonsense Product.READ MORE",-0.5106,negative
"The sound quality is average it is surprisingly good if you are using bluetooth connection. The build is the bad part coz after wearing for 15 mins my ear started hurting and not only mine, same thing happened with my family members, it is too tight and squeeze your ears which leads to pain, you'll realise it after few minutes that your ears are hurting and need to open the headphones.READ MORE",-0.7964,negative
"Flipcart returned policy is totally disappointing,  this headphone is very tight ,you can't listen more than half an hour  ,your ear start painingREAD MORE",-0.5413,negative
the product is jst osm but the delivery of the product is worst the box was all opened so please take of thatREAD MORE,-0.3946,negative
"Sound quality is pretty good, but the built in quality is pathetic. It won't even last for one year, the plastic will break. And it's not covered in warranty.READ MORE",-0.4588,negative
Range is too low and very hard and weight is too highREAD MORE,-0.4201,negative
Headbend is broken after 4 moth of usageREAD MORE,-0.4767,negative
"The sound quality is awesome for this price segment, but most of the users is suffering from the pressure of the headset on ears including me. If the tight of the headset is reduced to some lower pressure it could help the users to enjoy the seem less music for longer time. For me I can't use it for more than 15 mins without adjusting it over my ears and I can't watch a full movie with this product as it hurt my ears on using it above 1 or 2 hours.READ MORE",-0.775,negative
Every bad designing . After 30min of usage your ear starts to painREAD MORE,-0.5423,negative
It been almost an year using it main problems were the leather in ear cushions were damaged and started to tore off after a few month .then the aux cable for the wired connection always getteing damaged i reaplaced the aux cable 3 times this year that cost me 900rs .Other than that its a great product.And i would also recommend stretching it for the first time its too tight for the first month after one month it will losen up.READ MORE,-0.2263,negative
Better experience but poor mic qualityREAD MORE,-0.4939,negative
Better but not best for batteryREAD MORE,-0.5577,negative
this product is normal like a earphone no much bass quality and it's given so much pain to ear ...READ MORE,-0.507,negative
Can't use for long timeIt exerts much pressure on earsREAD MORE,-0.296,negative
"Looks like some flaws in design, ears are paining after use and the device stopped working after a month.üòîREAD MORE",-0.2732,negative
It hurts in your ear if you use it for more than 1 hour continuouslyREAD MORE,-0.4767,negative
worst product quality of sound is good but was not working on bluetooth modeREAD MORE,-0.1531,negative
it's a wonderful full product very happy with the way it's works and sound quality . but if continuiously used for a longer period  the ears hurt.  delivery by flipkart was on timeREAD MORE,-0.191,negative
"Primarily, i thank Flipkart for fast delivery. I think this is the only fastest means of delivery during covid. Coming to the product - it is quite good with the appearance and fantastic with the sound. But i prefer NOT TO TAKE THIS PRODUCT because while using it will create a discomfort and u will feel a little irritating and u cant use for longer than 30min . Very tight and uncomfortableREAD MORE",-0.119,negative
"The head band just not durable atall, just used for 6 months.....sound quality everything eles is good....but what's the use when it's unusable coz of breaking the head band which connects two earcups. Worst experience......it's not even included in warrenty(cuz it will come under physical damage). Not worth buying when it's not atall dureableREAD MORE",-0.6971,negative
Don't purchase it after use of 2 hour your ear getting pain .Their no no Bass in this HeadphoneREAD MORE,-0.7717,negative
"Build is durable, but not comfortable for prolonged use.Not foldable, so packaging would be tricky without box. Battery life is around 6-7 hr mark. Good thing is it has aux slot if battery dies. Sound is average compared to price point, not great, Compared to my Sony mdr series inear headphones.There are very few which compete with this headphones in price point for wireless options.Had heard about this product from colleague, so went it. Try it at local shops before buying, as with any o...READ MORE",-0.7222,negative
I got its for 1499 but it doesn't look like that must it's look like low quality materialREAD MORE,-0.7894,negative
The product was good but the warranty was wastage as their was no pickupREAD MORE,-0.2144,negative
Product is not comfortable on headREAD MORE,-0.4023,negative
It works for 3 months then wireless it doesn't work...I recommend please do not buy this product ...instead pay 500 more and get long lasting ones.READ MORE,-0.538,negative
MIC DOESN'T WORK WELL SOUND BREAK IS PROBLEMATIC...READ MORE,-0.2057,negative
the headset is very tight. it creates pain over ears even within 5 min.READ MORE,-0.235,negative
The product is not at all good in build quality the cable broke today in just 2 months of purchase and after wearing it for 15-20 mins it becomes very uncomfortable. The build and design is very very disappointingREAD MORE,-0.7963,negative
Product is very good but delivery was very bad i reasive my product after 10 daysREAD MORE,-0.624,negative
"Same problems faced even after replacing the product, DefectiveREAD MORE",-0.4019,negative
One of the worst productREAD MORE,-0.6249,negative
"It is a great product...But one and only problem is its size.It is a little bit tighter, which hurts your ears after using some time.READ MORE",-0.1779,negative
It was good but now there is some problem with the power bottom. Its been 9 month of usingREAD MORE,-0.3818,negative
My headphones do not work. It have some problem. It doesn't start.READ MORE,-0.4019,negative
Worst products........ don't buy it plssssREAD MORE,-0.6249,negative
Very bad sound quality and product is not satisfiedREAD MORE,-0.5849,negative
Ur ears will start paining after a mere use of 10minREAD MORE,-0.4019,negative
very bad ear cufs  nd very tight ....plzz dont buy this headfone ...plzz plz....waste of money nd dont refund only replaceREAD MORE,-0.5849,negative
Worth purchasing. Only thing sucks is that ear start to hurt after 30 minutes of usage so keep in mind before purchasing these headphones.READ MORE,-0.6124,negative
went bad after just 1 monthREAD MORE,-0.5423,negative
Not good productREAD MORE,-0.3412,negative
"Sound clarity and bass is above average. Loved it. But the most irritating thing is that it's not comfortable at all. It holds both of our earpieces like a hell. Not recommended for gaming. Even though I'm a hard gamer. It cannot be used for more than 15mins (hardly). AUX is perfectly fine, no issue with that but the bluetooth connectivity also irritating me at some points. While using through bt, it produces some awkward sounds when we pause--play--pause-play a  video. First' I thought it's...READ MORE",-0.9094,negative
All good. But  painful after sometime using itREAD MORE,-0.4404,negative
Every thing is good but not so comfortable for long timeREAD MORE,-0.5644,negative
Sound quality is decent but when it on sound so bad and cracking noise also happen some timeREAD MORE,-0.804,negative
Not a good product.READ MORE,-0.3412,negative
"great in terms of BASE and audio out put, but  the noise cancellation is not up to the mark and alsoTHE MAIN DISADVANTAGE IS THAT THE EARS STARTS PAINING AS IT IS TOO TIGHT AND NOT  AT ALL comfortable after  the use of 10min also to the ears and this disturbs the quality of the sound too... hope it will become normal after usagecomfort is much important  to listen to music instead of this every thing is super as the battery is the  beast 8hrs...and also while playing the PUBG the Bluetoot...READ MORE",-0.529,negative
All is good but the time of calling voice is very bad like lab dabREAD MORE,-0.1461,negative
Bass is all set.but it hurts over ear just after 15min of use.READ MORE,-0.4767,negative
"I buy it for Rs. 999 ,at this price it is really good product. But after using 1 hr continuously it somewhat give pain to our ear. Sound quality is goodREAD MORE",-0.4471,negative
Good product no damages after one year...READ MORE,-0.296,negative
Good product nice sound and bass quality good battery backup worth money but little bit tight on ear and light pain on ear if used for long timeREAD MORE,-0.0516,negative
Not comfortable for headREAD MORE,-0.4023,negative
"1499 Rs is high.. If we more than 1 or 2 hour, getting pain on ear.READ MORE",-0.5106,negative
Awsm sound quality.Vocals are clear.Average bass...Good built quality....Ear cups are not that comfortable . You'll feel a little bit of pain after 1 hour of usage....Extreme battery backupREAD MORE,-0.6945,negative
You cant wear this for more than 10 min too tight that your ears get start paining....... sometimes connectivity get lost even when you are in less than 10 meter range.sound qulity is not that great go for byte corceca i had one which is best than this crap.READ MORE,-0.1012,negative
Calling not working good ..READ MORE,-0.3412,negative
Very baad problem bluetooth connection problemNever but such a productREAD MORE,-0.2475,negative
"This product is amazingly great, but if we prolong the duration of the usage of the headphone there's some sort of ear pain. Moreover during the start of the music or any sort of audio, there's a sharp strike of a high frequency sound from both the sides of the headphones thereafter making the sharp shock in both the inner ears.READ MORE",-0.8097,negative
"U cannot use this more than 1 hour , battery backup is worst u have to charge it on daily base... so think twiceREAD MORE",-0.6249,negative
Best Headphones Ever I Have Purchased but I Have Given 4 star after wearing lit bit pain some at earREAD MORE,-0.431,negative
Buil quality is good for this price range. But bluetooth connectivity is poor in quality. if bluetooth connectivity is slightly more enhanced then it would be a tremendous headfone ..READ MORE,-0.4939,negative
"Everything is good... but I expected that the bass effect will be something more than what I got. But overall performance is superb... But I have one serious complaint, that the aux cable which I got with this product.. I faced problem with that cable at the day I received the product...READ MORE",-0.7783,negative
only for music purpose.....really feeling sad for this productREAD MORE,-0.3818,negative
Nice and good but one problem has not come comfortable fitting here in your phone normal raf product was OK thenREAD MORE,-0.0909,negative
This headphone base quality is very poor and not prefict to manufacturedREAD MORE,-0.5256,negative
Worst productDon't buy it Problem in wireless mode arises with 2 monthsREAD MORE,-0.4295,negative
"value for money. it's not good as we think the connectivity of this headphone is not good if the Bluetooth version is higher then it will be good some unnecessary noice is there while playing anything, battery life is good, look is good..bought in 999rs but not satisfied bcz it's too tight n u can't put it on ur ear more than 1 hr... calling problem is there u can't talk on call properly by using this headphone...if u wanna buy please increase ur price and buy other headphone...i replaced my ...READ MORE",-0.5204,negative
Very bad the Bluetooth function stopped working after a month Don't buy this is a waste of moneyREAD MORE,-0.8173,negative
Very nice üëç I was thinking in is bad but not it's bestREAD MORE,-0.0525,negative
If you use more than 1 hour ear pain came it's quite difficult to wear this head phoneREAD MORE,-0.7264,negative
"Very Disappointed, It Stopped Working after a monthREAD MORE",-0.6764,negative
"I buy it for Rs. 999 ,at this price it is really good product. But after using 1 hr continuously it somewhat give pain to our ear. Sound quality is goodREAD MORE",-0.4471,negative
"After 4 months one side of the headphone stop working , do not buy thisREAD MORE",-0.296,negative
Because painful to ear when uses for long period of timeREAD MORE,-0.4404,negative
"Hey fellas !, Giving this review after 1 year of usage my experience was good good sound great bass but the worst part is build quality the handle was broken after 7-8 months of usage so I suggest some other product with good build qualityREAD MORE",-0.2714,negative
Worst experience. I have been received with a damaged and used product. Will never buy anything from Flipkart.READ MORE,-0.7906,negative
Using more than hour given pain around earREAD MORE,-0.5106,negative
Facing problem in replacement.READ MORE,-0.4019,negative
"Style is quiet impressive bt leaving a bad adjustment, painful to ears,  sound cancelation not good,  not at all a super bassREAD MORE",-0.8249,negative
Painful hearing while using ...Not up to mark...I don't suggest to buy ...CostlyREAD MORE,-0.4404,negative
Nice products but ear are paining after 2-3 hours. Build quality is goodREAD MORE,-0.3919,negative
Well I actually hated it for design its so bad ! I hope it was more comfortable on ears!READ MORE,-0.3408,negative
It is very tight Fitting is not good cusion need to more comfortableBut under 1000 it is good with time they little bit comfortable otherwise all are goodREAD MORE,-0.1999,negative
It's really very pathetic only within purchase of 1 week the overhead part of headphone is torn & has cracks in between. It has become a wastage for us.please refund it.READ MORE,-0.7408,negative
Sound is awesome but not comfortable. So hard to head and ear.READ MORE,-0.0602,negative
Pathetic product.READ MORE,-0.5719,negative
It's good but bit uncomfortable. Can't put it for more than 1 hour. Still its okREAD MORE,-0.3506,negative
If ur ears r made of metal then go for it.. surely..the cushion cups are not at all for human ears...they r gonna make ears so much pain u cant imagine.. just dont go for sound quality nd bluetooth...main thing is comfort which is not at all to the slightest extent... hell of u boat.. i want refund.. plzz..READ MORE,-0.749,negative
Bluetooth conector is not good üëéüëé And some miner issuREAD MORE,-0.3412,negative
"Sound quality is good but microphone is not working  as expected during call low sounds feedback from apposite sides, I need to disconnect Bluetooth every time to receive calls.READ MORE",-0.1779,negative
sound quality is truly amazing... but cant use more than 1hour .ear starts paining. not comfortable fit.bluetooth is fine for music but it dorsnt work properly when watching videos in bluetooth mode(buffer problem)READ MORE,-0.6063,negative
Every thing is good but call not clear soundsREAD MORE,-0.2086,negative
Worst productREAD MORE,-0.6249,negative
Very tight headset..and very poor in call sound.READ MORE,-0.5256,negative
Sound and base quality is chhu great and affecting but ear couches are tough and giving pain after 15 minute useREAD MORE,-0.1406,negative
Not at all good it's very uncomfortable and the sound quality is averageREAD MORE,-0.6484,negative
Poor qualityREAD MORE,-0.4767,negative
Item sound not so good and refund option is not available . Plz don't go for this item. Totly wastage of timeREAD MORE,-0.5024,negative
Very bad product üòåREAD MORE,-0.5849,negative
"Except the power button, no other button is working, bad sound quality when used by bluetoothREAD MORE",-0.6908,negative
Nice and good but one problem has not come comfortable fitting here in your phone normal raf product was OK thenREAD MORE,-0.0909,negative
Start pain on ear in only 15 minutesREAD MORE,-0.5106,negative
It's so tight that your ears will literally start paining & you can't even adjust. Can't even return.. Wasted my bucks on this scrap.READ MORE,-0.0186,negative
Nice product but I don't liked it very muchREAD MORE,-0.2728,negative
"Treble is too high. You cannot hear clear sound at full volume. Poor sound quality.also u cannot hear the songs more than 45 mins cause it's too tight and ears start paining. Don't buy ,it's a total waste of money.READ MORE",-0.8684,negative
Getting heated.  Difficult to use for long timeREAD MORE,-0.3612,negative
Killer Bass...üî•üíûREAD MORE,-0.6486,negative
Poor qlarityREAD MORE,-0.4767,negative
Very nice product. Weight is too light. Design also good but poor connectivity and doesn't provide expected comfortREAD MORE,-0.2854,negative
There will be problem in Mike on callingREAD MORE,-0.4019,negative
I received a quick delivery from flipkart. The headphones are light weight and foldable which makes it easy to carry. Sound quality is decent. Bluetooth connectivity is very good. The only negetive aspect of this device is the call quality. It's terrible. You can hear the other person but the microphone on this device is so poor that you won't be audible on the other end. It definitely doesn't support handsfree calling. I tried using the cable to call but again it didn't improve much. This is...READ MORE,-0.7868,negative
Just simply awesome no pain in the ear .long lasting battery (upto 10hrs).Best bass quality under this segmentREAD MORE,-0.1027,negative
"Got it @999rs.Sound quality is best.Battery is good.But one can't keep hearing on headphones continuously. Some Ear pain happens.When using with Aux cable sound quality is not good.Call quality is not good , voice breaks continuously.Overall under 1000 good headphoneREAD MORE",-0.7971,negative
every thing is fine the battery gets fully charged very fast but it also drains the battery very fastREAD MORE,-0.0378,negative
"Worst, please don't buy.I am writing review after use, after one month it is not working.READ MORE",-0.4215,negative
Headphones stopped working after  24 days. loss of moneyREAD MORE,-0.4939,negative
Very bad product not goodREAD MORE,-0.5849,negative
"Pathetic service , my headphones are not working properly out of 10 times they get fine and other 9 times whatever i do charge or play or or just keep still they doesn't work at all....READ MORE",-0.128,negative
Not good for callingREAD MORE,-0.3412,negative
This product is very fantastic..sound  to good....thanks to delivery boy for delivering in critical weather condition alsoREAD MORE,-0.3182,negative
There will be problem in Mike on callingREAD MORE,-0.4019,negative
"Worse product..Not connecting to any device,and after connecting it get switch off.Don't prefer this..Instead go for JBL or sony.READ MORE",-0.4767,negative
"Superb Bass, excellent music quality, but painful at outer ears after a long time of use.The quality of leather/synthetic material used around hood is not that great, good is that it has bluetooth and also useful for calls.READ MORE",-0.5647,negative
Loved the headphone but the piece I got have manufacture defect of its range so I have to return it and place new order for itREAD MORE,-0.1655,negative
Worst speakerREAD MORE,-0.6249,negative
Very bad do not buy from Flipkart WiiREAD MORE,-0.5849,negative
During calls nose is more to the receiver. Worst product from the boat. Whenever I receive calls either I have to switch back to earphones or speaker. They are listening resound. Not at all suggesting this one. Importance is always given to calls rightREAD MORE,-0.3818,negative
Ek no today 1year completeREAD MORE,-0.296,negative
Getting pain in the ears after usage of 1 hour.READ MORE,-0.5106,negative
Sound quality is awesome... battery is Good but Bluetooth connectivity is not good. If there is any obstacles connection will hamper.!!READ MORE,-0.7305,negative
Headfones are good but aux cable is gone bad few months laterüòîüòîREAD MORE,-0.5859,negative
Sound quality is good but surrounding people can listen what are u listening Battery backup is good No sd card slotNo FM Radio etc Pain after 2 hours in earPain after 3 hours useREAD MORE,-0.3506,negative
"Started headache in back head in an hour of use. May be the Bluetooth and magnet gives imense pressure to head and ears, not want more trouble so stopped using it. The same happens with my bro he also getting sever headache after use in an hour. This problem never came across with other headphones.But I would say it's super sound quality and bass too. Unfortunately could not usefull for me due to several time headache.READ MORE",-0.453,negative
Stopped working within four daysNow it is not workingThe money became worthlessREAD MORE,-0.2263,negative
Everything is good But it is not comfortable for ears ‚òπÔ∏èEar starts paining after even 2 minutesREAD MORE,-0.7313,negative
"Build quality not good as per my expectations. Sound quality good,  I  am using boat 225 headset, I think that is far better than this. Bass is good but not best. overall I would give 40 in 100.READ MORE",-0.7725,negative
comfortable problemeair cushion is very poor qualitymic problemREAD MORE,-0.024,negative
I found it is more tight than required after 30min. Of use it develop pain in ear.  And sound quality is also average type.READ MORE,-0.5106,negative
Waste of money... no on-site warranty.. stopped working in a months time.READ MORE,-0.7096,negative
The product is very well but I am not satisfied wit the ear cushionsREAD MORE,-0.3185,negative
No more need to tell youBoat sound and bass always superbüéßüëåüíûMust buy itREAD MORE,-0.296,negative
"yes it is good in all aspect..except mic, i tried to talk using mic over bluetooth but other person cannot hear it clearly and also that low sound irritates them... ..so if you want something to enjoy music in budget and quality this is good.. ...and yes it is tight but with use it gets loosen little but not comfortable for big head, i feel my head is small so in a week i got comfortable with it and keeping the volume mid range you can use it for hours like i use for 2-3 hrs a day but keepi...READ MORE",-0.0134,negative
sound quality is good and bass is enough in this price range but built quality and design is not so comfortable on the ear...but according to its price it's okREAD MORE,-0.5644,negative
Product is over all gud but its box was in bad condition product delivery is delayed by 1 dayREAD MORE,-0.7964,negative
After one year the product was damaged. The charging point complaintedREAD MORE,-0.4404,negative
* Good sound and bass* Looks awesome* Mike is not useful (not clear)* Continuous usage is painful for my ears. I can't even complete a movie with this headset.READ MORE,-0.3412,negative
This headphones are not so good if u are using for long time.Ears become sweaty after sometime of using these headphones.READ MORE,-0.464,negative
I have used it for a year now. The overhead support broke. The headset is a little tight and gives pain in a continuous use of more than 1 hourREAD MORE,-0.5267,negative
Bought it at an offer price of 1k. Not a good fit and definitely not recommended for people with glasses. Volume buttons are not Woking. Mic quality is very bad. There are glitches in sound while connected on BluetoothREAD MORE,-0.7352,negative
Very bad product .....its sound quality is very bad .....this is the worthless product i have ever bought on the flipkart ..... don't think to buy these type of productREAD MORE,-0.8882,negative
"Very bad product, worst sound quality, stop working after 5 months.READ MORE",-0.8849,negative
Big bad product.In one month wire will be loss then sound üîä is very badREAD MORE,-0.7003,negative
Its a little uncomfortable on years and head.....sound quality is fantasticREAD MORE,-0.3197,negative
Product is not comfortable on headREAD MORE,-0.4023,negative
It broke in just few months when I was lying on the bed while wearing it. It should be this fragile and then it broke again while I was putting it on my head from the middleREAD MORE,-0.8402,negative
Worst experience. Getting neck pain and headache.No option to return the product from merchant.Flipcart also help less....READ MORE,-0.6908,negative
The sound quality s great.. No connectivity issues.. Looks good.. Jus go fr it only if u r ready to cut off yo ears latr..its soo uncomfortable.. Wud hv been betr if the ear cushions were a little wider..READ MORE,-0.2023,negative
Giving 3star because not satisfied with the comfort it is providing.You can wear ot only for 20-30 mins after that you ears will feel a hell of pain. If you want comfort don't go for it. But for the sound quality it's amazingREAD MORE,-0.3107,negative
I am fan of boat...but this time i am mad for boat......üòÅüòÅüòÅüòÅüòÅüòÅüòÅREAD MORE,-0.2263,negative
You buy this product low budget price perfectREAD MORE,-0.2732,negative
"The sound quality of this headphone is quite impressive but the design is not so good, it is not comfortable for my head and ears, after using one or two hours it may give you a headache, but I bought this product in just 999, so at this amount you can't find better product than it...overall the product is good and i'm happy with it..READ MORE",-0.8127,negative
Good one but i returned it as i don't like headphones or my ears don't like it as they started paining after 40 minutes. ...good product by the wayREAD MORE,-0.7864,negative
"I have been using this for over a week now and this is what i foundPro-1) Build is good.2) Bass is average3) Battery back up is excellent4) sound is good.Cons1) A little light than the usual headphones but will get loose after some use.2) Ear pads are not of that great quality and are a little hard, compared to other headphones.READ MORE",-0.8201,negative
"I have got this in 999. A good purchase in this price range having a Bluetooth, aux and built-in mic to take calls. But its main issue is its design. Actually for my head, which has a size in bigger side it basically hurts my ears. There is no possibility for size increase or decrease of the arch of the headfone.. overall a 3*READ MORE",-0.4678,negative
It's very hurt when you put it on over the head small size I am not satisfied with thisREAD MORE,-0.7206,negative
Best headphones at cheap price of ‚Çπ999 compared all the other brands for the wireless but it's sound is best.With additional option of wire or aux cable so the detachable cable makes it durable...so the cable connection will not break if breaks buy a cable for ‚Çπ50... If you find battery low then u can use it as wired headphones...so overall  I have to give 4.5....not expected such performance from an Indian companyREAD MORE,-0.0129,negative
sound is too Good no other brand provide this sound in this price range but Bluetooth connectivity is too Bad and it is not comfortable so I give 3 starREAD MORE,-0.8382,negative
If you are buying an headset for the first time and you don't have an earphone DON'T BUY IT!!!!It hurts so bad and we can't use it for longer period like earphoneREAD MORE,-0.3829,negative
More Disturbing sound is coming During Calling. & Range is not proper.READ MORE,-0.5563,negative
Don't buy music is average but the worst part is comfort. I'm getting irritated after 15 min of use. Feeling like my ears got burningREAD MORE,-0.5267,negative
Worse noice cancellation... Everyone in the room can hear the noice..READ MORE,-0.4767,negative
Superbb Base but ..but the range is not good battery backup is also very goodREAD MORE,-0.4782,negative
This product is awesome but the problem is this that it has small earcups compared to others and also the charging cable is very tight when we plug it into the port.Rest is awesome.READ MORE,-0.25,negative
poor plastic qualityREAD MORE,-0.4767,negative
"I am using this bluetooth headset from last month and I can say one thing This headphones üéß are not upto mark as its shows The sound quality of headphones are okay and the bass sound is also just okay types But one of the major drawback of this headphones are you can't wear this headphones continues more than 30 minutes , it started causing pain to your ears and moreover these headphones are also not comfortable to wear for a long timeThe design of headphones are okay but the quality usi...READ MORE",-0.6959,negative
lookwise it's not so bad but the ear cups are very small after sometime your ear started to feel heavy and going to pain so you can't able to wear it for long period of time.and also for song it's ok but for phone calls it's pathetic.the other person will started to complain after few seconds that they can't able to hear you at all so for that you have to plug the aux cable in to your boatrockerz 400 Bluetooth headphoneREAD MORE,-0.5586,negative
The product is not working properly since the day I purchased it. Sound getting crashed when connected to bluetooth and average sound quality and poor build quality. 10/10 will not recommend this product for anyone.READ MORE,-0.6381,negative
"Not good. ..my headphone got un audible as some wireless bluetooth issue. My suggestion is not to go for this product please,READ MORE",-0.3412,negative
Osm bass but headphone body is low qualityREAD MORE,-0.3919,negative
Mic is not working in my headphone and they are providing only 7 days replacement not money back. It is really bad experience for me.READ MORE,-0.5849,negative
hears paining dont buy it...this is worst headset ive ever seenREAD MORE,-0.7783,negative
Buying this product is truely waste of maney As its design and material used is of very cheap quality.It should worth it if it's price jump down to Rs 599READ MORE,-0.2263,negative
sound quality is good but after using for 30 minutes pain starts in ears. Too much pressure on earsREAD MORE,-0.743,negative
i am not happy because not return policy availableREAD MORE,-0.4585,negative
Worst headphone ever saw. I have buyed a lot of headphones but this the worst in it. Microphone is not working strucking in between the music and audio clarity is also not clear I suggest you not to buy thisREAD MORE,-0.8139,negative
Not comfortable! Very harsh on ears.READ MORE,-0.0954,negative
After one year the product was damaged. The charging point complaintedREAD MORE,-0.4404,negative
"So tight, it exert so much pressure on head very painfullREAD MORE",-0.3566,negative
"Bass good,  sound low, Heavy on head.  not recommend for train travel and daily up down.READ MORE",-0.0798,negative
Bass is not good but satisfactory and sound is so poor qualityREAD MORE,-0.8706,negative
‚ò∫Good for music but not good for calls..‚ò∫READ MORE,-0.4782,negative
Not at all as per expectation. The return policy is also not good. And the quality of the speakers is not good at all. Everytime you play something there is a loud thud which makes you go deaf and then the audio starts.READ MORE,-0.3425,negative
sound is good but when i connected wireless then it sucks for MIC voice recording no audioREAD MORE,-0.6249,negative
"After 30 minutes, ears will start getting pain. Sound is good.READ MORE",-0.5106,negative
"great in this budget you can go for itCons:-1) I feel its a little bit heavy after using few minutes (more or less 1 hour) 2) high noise when connecting call over Bluetooth, but no noise with the wireREAD MORE",-0.0644,negative
Very bad product including build quality is also poorREAD MORE,-0.5849,negative
"The sound quality is awesome no more queries about it but, in the built design the ear cups are not comfortable if we wear about 20 to 30 minutes our ear may start getting pain.so please make a big ear cup that may feel comfortable for listening and overall it is good.READ MORE",-0.4949,negative
There is no refund policy in this product..don't buy it..you'll not want to use it after 10 minutes.READ MORE,-0.3447,negative
"AVERAGE.Has good sound and bass, but connectivity wise it sucks. U will notice audio dip occasionally which I felt really annoying. Other than that it has good built quality and design. U will feel a pressuring sensation just for a while. Once u get used to, U won't feel it.READ MORE",-0.1001,negative
Very bad sound quality.READ MORE,-0.5849,negative
Pain full you canot use for long time further thea is problem in callingREAD MORE,-0.7184,negative
"Having more pressure on the ears, due to compression of the ear cups.READ MORE",-0.3597,negative
"Terrible.. please don't buy.. you will regret a lot. Its bluetooth connectivity is a big blunder. Total waste of money. On top of that, flipkart has no return policy for this product even for requests made within 24 hours.READ MORE",-0.5719,negative
Very bad BluetoothREAD MORE,-0.5849,negative
Bluetooth connectivity is not so good it's only limit in a room once you'll move out of the room even to door it's starts buzzing and gets disconnected... although everything is fine the calling function is also okREAD MORE,-0.3024,negative
"Mic quantity is very poor. Background noise is more important while calling. Can't use for more than 30 min, ears will pain...fusion should be soft.READ MORE",-0.3182,negative
Power button get damage within two weeksREAD MORE,-0.4939,negative
One of the worst headphones i have. The sound is so bad that i can't say and after wearing for 15 to 20 minutes my ears start paining please don't buy this.READ MORE,-0.8747,negative
It's very tight to head after 15 mints wearing this product so painful of hears and also jaw sectionREAD MORE,-0.5777,negative
"Headphones are from a reputed brand. Sound quality is good and battery backup is ok, but build quality is not good. They feel very flimsy and light as they are completely made of plastic. They are also a bit uncomfortable on the ears. You might experience some pain in the beginning while using it. The pain will reduce but they still feel uncomfortable while wearing them. I gave 3 stars only because of sound quality, because their build quality is bad. I have been using their other model boat ...READ MORE",-0.9437,negative
During calling sound does not reach properly otherwise it is awesomeREAD MORE,-0.0191,negative
I recommend for not to buy this productBelieve me It is wasted of moneyREAD MORE,-0.1779,negative
Product is good but get pain in ears in only 10 mins.READ MORE,-0.5423,negative
sound is good but it makes irritating humming sound when connected via bluetooth..READ MORE,-0.4678,negative
"If your budget is low, and need a premium quality headphone, Go for this üî•üî•üî•READ MORE",-0.2732,negative
"Good product and not crystal clear music and bass, those who need deep bass don't go for it, but it has decent  bass and music quality I rate 3.5/5, and pack condition is good no damaged or used product.READ MORE",-0.3489,negative
Nice productFull satisfaction of money spend but foldable site lose after use of 4-5 monthsREAD MORE,-0.1779,negative
It's used only 25 minutes. The battery backup very.. Worst battery backup. Not buy this boat bluetooth headset. Very worst battery backup...READ MORE,-0.8588,negative
please do bot buy this if u have a large head ur era will hurt a lotREAD MORE,-0.2732,negative
The headphones are good üòéüëç... The bass and design is also good but the problem is that sometimes the voice cracks and the headphones are a bit small so when worn continusly for a long time the ears üëÇstart to pain.READ MORE,-0.595,negative
useless.. waste of money waste of time. very very poor sound quality. Very very poor or negligible microphone quality. I don't recommend these. Don't buy.READ MORE,-0.9331,negative
Sound quality is very good..Mic is so bad that voice always break.. if you looking a headphone with mic then go for other product.Overaal bd experienceREAD MORE,-0.6696,negative
All is ok but bluetooth connection is weak around 5 meter connectREAD MORE,-0.5023,negative
Awesome but not appreciated with designREAD MORE,-0.2507,negative
If ur ears made up of iron then go for it..Literally worst experience ever..U can't use headphones for more than 20 mins because it will cause ear pain af .... Worst gadget i purchased everREAD MORE,-0.91,negative
good looks and sound quality but not comfortable when it's on you for more than 10 mins.. everything else is just fineREAD MORE,-0.3824,negative
At the start sound quality was like very awesome. But within a period of 6-8 months it has started to shown it's original colors. Today there is no bass effect in it and having very very poor quality.Very disappointed with the product.READ MORE,-0.7879,negative
Your ear is going to disappear after 30 min of wearing boAt headphones.READ MORE,-0.2263,negative
"Every is out of expectetion ...but only thing is ' it doesn't fix the ear (like it is smaller than your ear,,which causes irritation on ur ear)pain in Outter part of ur ear!READ MORE",-0.5562,negative
Mic is not good other than that all things are goodREAD MORE,-0.3412,negative
Don't buy. You ears will pain a lot in 1 hrREAD MORE,-0.5106,negative
Ouit decent product but built design is not that much perfect but value for money.READ MORE,-0.2256,negative
NOT COMFORTABLE FEEL AND SOUND QUALITY VERY POORPLEASE DON'T WEAR THIS GAMING PURPOSEREAD MORE,-0.4023,negative
Bluetooth stopped workingREAD MORE,-0.2263,negative
Worst product design ever.presses the ears very hard.causes unbearable pain.READ MORE,-0.6249,negative
really bad experience from Flipkart I am facing connection drop will walking n keeping my phone in my pocket the music keeps on dropping while I walk and Flipkart is not even accepting my request nor canceling it's been almost 6 day and I am waiting for Flipkart to accept my return request .Thank you Flipkart u gave me good experience from now onwards I wouldn't buy online specifically from FlipkartREAD MORE,-0.0199,negative
Ears start paining after 30min when I used this ....not comfortable .....   Very bad experience ...I only used it for 1or 2 times please don't buy dz ....READ MORE,-0.2247,negative
"satisfied with the purchase. for its price it's a decent buy. I have been using it for the past 9 days, so far encountered no problems. battery backup is greatREAD MORE",-0.3321,negative
Bluetooth range is not good. Can say 3 -4meter maximum. That too without any disturbances. Even a humen can be considered as obstacleREAD MORE,-0.0951,negative
Worst product..READ MORE,-0.6249,negative
Low quality high sound but price worthREAD MORE,-0.1406,negative
Getting pain after 10min usage.. they are not ready to refund this product due to policy. So dont go with this productREAD MORE,-0.6608,negative
"Gud product,but it's not nice for a long time useREAD MORE",-0.3252,negative
mic catches ambient air noise and creates disturbance on a phone call.READ MORE,-0.128,negative
Well but newly it is not so comfortable but it becomes loose after some daysREAD MORE,-0.7904,negative
Bass is not that good as expectedREAD MORE,-0.3412,negative
There isn't any better product in the market for this amazingly cheap price...READ MORE,-0.3412,negative
Bluetooth Connectivity is very poor. It gets disconnected automaticaaly.READ MORE,-0.5256,negative
Unfortunately product I ordered was found to be defective. Have initiated the refund process. At least it should have been checked before sending to customer. It was apparent enough to realise sound was cutted in between the song for a long time and even goes blank for longer Time. Try your luck. Bad one for me.READ MORE,-0.7003,negative
This is not much better product from boat.After few months bluetooth connectivity becomes weak but after disconnect and reconnect it. It will gives us better experience.READ MORE,-0.6968,negative
Burst audio quality at the time of talking voice quality zero..and replacement policy also very bad I tried soo many times to call them but they tried to ignoreREAD MORE,-0.3392,negative
No return policy Sound comes out from headphones not goodREAD MORE,-0.296,negative
My headphone stopped working after 3 month...I am very sad....READ MORE,-0.2263,negative
Tried 2 times and received defective product only. Call quality is veri bad. Disappointed lREAD MORE,-0.8591,negative
"Very bad quality, I hate this productREAD MORE",-0.8297,negative
Outer ear will pain on long useREAD MORE,-0.5106,negative
Very bad do not buy from Flipkart WiiREAD MORE,-0.5849,negative
"I am giving it 3 stars ‚≠ê , as it's not comfortable in my ear. After 30 minutes of use may ears start paining. So not good for online classes.. But the sound is good and bass too. Microphone is also good. The other person can hear me clearly in call.READ MORE",-0.7466,negative
"It's wire confirmation is too bad üò°While  it connected to mobile  Bluetooth, I can't play video games properly , it's sounds going, 1 second lateREAD MORE",-0.6742,negative
"5 star to Flipkart for fast delivery. 3 star to the product. Overall build quality is ok but power and volume button looks very cheap. I fear that anything these buttons can come out. This headphone can be used as wireless and wired. Box has aux cable. When connected through bluetooth with laptop, you can hear lot of noise. Noise disappears as soon as you switch to wired mode. Battery backup is ok. I expected better performance from this product.READ MORE",-0.145,negative
Not good for callingREAD MORE,-0.3412,negative
Very pain fullREAD MORE,-0.5563,negative
It was good but now there is some problem with the power bottom. Its been 9 month of usingREAD MORE,-0.3818,negative
My son complained of ear pain when he use this for longer duration. Low in comfort.. if you plan to use for office work for longer duration then this shouldn't be your preference..READ MORE,-0.7964,negative
Long usage of headphones makes pain in earsREAD MORE,-0.5106,negative
I got ear problem after i used that headset.READ MORE,-0.4019,negative
Not comfortable for long useREAD MORE,-0.4023,negative
"Irritating sound while changing songs,not satisfiedREAD MORE",-0.4588,negative
It's too heavy. Mic is not at all good. The person on the other side of the line will not be able to hear the voice properly. Only sound quality is good.READ MORE,-0.3412,negative
"Worst head phones ,after 2months left side not working at all. Don't prefer to buy this.READ MORE",-0.6249,negative
The call quality is pathetic with Bluetooth.If you are looking for only music then go for this.Both headsets and phone should be together then only Bluetooth is working. Even for 2 metres distance it won't work. Overall fully disappointed with this. I never expected a product like this from boAt....READ MORE,-0.8482,negative
Bluetooth connection is not working sometimes it's not good for bluetooth connection don't buy this product üò°üò°üò°üò†üò†üò†READ MORE,-0.3412,negative
My headband broke without any major pressure applied on it.READ MORE,-0.2292,negative
Headphone is bad. HeadacheREAD MORE,-0.5423,negative
I have been using this product for 5 months and it works fine without any issues.Overall good product at good price segment.READ MORE,-0.461,negative
"Okay to use for music. But not good for audio calls, as it has very poor noise cancellation. It absorbs almost every single sound from the surrounding.READ MORE",-0.8046,negative
It's hurting the ears.. very disappointedREAD MORE,-0.4019,negative
"Good, but uncomfortable to useREAD MORE",-0.3506,negative
These are a not good for calling. Bad calling experience.READ MORE,-0.7101,negative
"Don't every buy this product, sound quality and all r good but its design is worst, it is so tight that u cannot wear it for more then 10 min. After purchasing, U WILL ONLY REGRET, rather than this go for Bluetooth earphonesREAD MORE",-0.8885,negative
Sound quality is good but the headset is too grippy. Not that comfortable too use for too long.READ MORE,-0.3824,negative
Right side suddenly Stop the sound it is very badREAD MORE,-0.296,negative
"Microphone is not working well with Bluetooth, Can't use it for phone callsREAD MORE",-0.2057,negative
Sound quality is awesome.It is not good for calling as the person on other side always complains that voice is very slow.I am disappointed with it because I bought it for calling.READ MORE,-0.811,negative
Very worst very bad  it will not respond after some dayREAD MORE,-0.8573,negative
"Connectivity gives a bit problem but not much, when battery ran out u can use aux but pause/play button will not work on aux and everything is fine...using 4 past 1yearREAD MORE",-0.2144,negative
Quality of strip not good it strip got broken.READ MORE,-0.3412,negative
Sound quality is good. But a bit uncomfortable on earREAD MORE,-0.3506,negative
Works great for music but stutters when it comes to dialogues. If you keep volume high enough this problem goes away. A little uncomfortable for long use. Overall satisfied with the productREAD MORE,-0.5264,negative
Very good regarding sound but little bit lags in battery back upREAD MORE,-0.1867,negative
"Worst packing, It is looks like used product,sound Bottoms does't working, It is very troubling to connect with Bluetooth.READ MORE",-0.7501,negative
No clarity in voice calls and poor mic qualityREAD MORE,-0.3818,negative
"Gud product,but it's not nice for a long time useREAD MORE",-0.3252,negative
Not as good as i was demandingREAD MORE,-0.3412,negative
Not that good product üëéREAD MORE,-0.3412,negative
Damage product  receivedREAD MORE,-0.4939,negative
I got this for my son's online schooling. He's finding it helpful so far.Pro's:Looks are goodSound quality is goodFits well & Doesn't heatCon's:Speaker/Mic is not very clear at times; Voice is breakingContinuous usage causes ear pain / discomfort (take breaks) The volume control buttons doesn't work wellREAD MORE,-0.5575,negative
"The only issue was with the cable provided. It got damaged in 4 months, although I have mostly used it wireless. Rest, was fantastic.- sound quality. Battery doesn't drain out quickly.READ MORE",-0.4404,negative
Works great for music but stutters when it comes to dialogues. If you keep volume high enough this problem goes away. A little uncomfortable for long use. Overall satisfied with the productREAD MORE,-0.5264,negative
Battery backup is disaster after 50% the battery drains within a 15minutes it is disaster and the mic is not that much good the another person is unable to hear my voice bass is lowREAD MORE,-0.8911,negative
Worst 10 din chala one side not workingREAD MORE,-0.6249,negative
Pains on ears when used for long durationREAD MORE,-0.4215,negative
Best in this price range 1099 bugs..Everything is good but after half hour of use lil painfully on ear pinna..READ MORE,-0.2617,negative
"There is no issue just few things.Like one thing that its calling Connectivity is not very good, its kinda ok-ok. Bcz while cycling the mic is totally out of work bcz of out side noice. And even indoor its the issue that the sound may or may not reach the pwrson in call.Ear start paining after 15 minutes...which is the biggest issue of this headphone.Built quality can be said better than many but not that good because i bought same headphones 1 yr back and they broke even after a lot of ca...READ MORE",-0.8585,negative
"I am really impressed with this one. I purchased it on big billion days sale at 899 so i thought what can one expect from a 899 rupees headphone and since the Bluetooth version is 2.1 i thought the sound quality will be worst but no i was wrong, both Bluetooth as well as aux cable are good both provides same audio quality. But i noticed that if the distance of your phone and headphone exceeds 10 or 15 metre then the sound quality becomes something terrible there is another one con that the pe...READ MORE",-0.7143,negative
Not comfortable for hoursREAD MORE,-0.4023,negative
"I went by the Boat brand name and purchased this. But it is poorly designed using poor quality materials. The ears start sweating within minutes of use, which is in fact bad and can cause infection to settle in thru long usage.READ MORE",-0.872,negative
